type,name,module,path,hash
"yaml","manifest","_config","_config/manifest.yaml","afcacd8e1204220f8e14bb467fecccf80af793782395775f8943c80dc4801333"
"csv","module-help","automator","automator/module-help.csv","dc252e3fc010927699f8a62a466b4f842362ee47995b370c8190d110f949f370"
"file","LICENSE","automator","automator/bmad-story-automator/LICENSE","9996844edcb5b44b00645c0753bdb25ca7af86a035a1484df8cb6789ac2893f9"
"file","story-automator","automator","automator/bmad-story-automator/scripts/story-automator","270ba143dce6f3bd65d638c0df333ce4fd8fe47c57da83c70f65b7e713d440ae"
"json","agent-config-presets","automator","automator/bmad-story-automator/data/agent-config-presets.json","80032d59ad310076c25b1dfb5296571df898b744b8cf510f297b25207fa50d79"
"json","auto","automator","automator/bmad-story-automator/data/parse/auto.json","4e3e3d87398efe672df12481fbc1d9e0af5c55d230dd2776980a714b6272db18"
"json","complexity-rules","automator","automator/bmad-story-automator/data/complexity-rules.json","ca75e6a330281b655145eb73499f12c3b1b6b2c2eb0e2f8a503c83cfaca4154b"
"json","contract","automator","automator/bmad-story-automator-review/contract.json","1529aecec29e9b715d5fa8b2987a1cd86cc68e98169b83557d930cd301e31c38"
"json","create","automator","automator/bmad-story-automator/data/parse/create.json","bc7501be6e046fa6ece93136ba465abc4f9da97d2a0e0fd12dff3e57706c53af"
"json","dev","automator","automator/bmad-story-automator/data/parse/dev.json","569474b27f4ec5abd1b42bdf9aa96dcf7445ec1609161c15df7ebf91c8e4b9e9"
"json","orchestration-policy","automator","automator/bmad-story-automator/data/orchestration-policy.json","b678b103736908853d9dd8f819af3a5e86e966576f3fa5cce5cd4c0dd99df966"
"json","retro","automator","automator/bmad-story-automator/data/parse/retro.json","f1e0d8d995122a24b257e32edbc94d80fb109a9a89495d92cf92d79bd6ca7f8b"
"json","review","automator","automator/bmad-story-automator/data/parse/review.json","17bebfecbabc1e5f4c752d2fb653dc5b2b9aa7a2dfbd9adbc0abc16a133cc480"
"md","adaptive-retry","automator","automator/bmad-story-automator/data/adaptive-retry.md","cef69bb4b690c9979b08668ac41e58fc3d37f5a5ed9b23c1b30997f696ee3122"
"md","agent-config-prompts","automator","automator/bmad-story-automator/data/agent-config-prompts.md","c9762649bfb4ef4e09e890e9f29b532809068abb6ac0fb5454e7dae8f4469dfd"
"md","agent-fallback","automator","automator/bmad-story-automator/data/agent-fallback.md","5b081edfac759b237df33c6632f39a47c5d9b41dff0d5f58d75219a154a3e143"
"md","agent-fallback-troubleshooting","automator","automator/bmad-story-automator/data/agent-fallback-troubleshooting.md","f98fa6d87a3bce9bafdfc469c062f6555a2a3638f54904008a56b1fa57b8a927"
"md","auto","automator","automator/bmad-story-automator/data/prompts/auto.md","dbe61f3c546a643cc2a31393d171214e05d0dbafc9d07961855b4e08efb532e5"
"md","checklist","automator","automator/bmad-story-automator-review/checklist.md","e30d2890ba5c50777bbe04071f754e975a1d7ec168501f321a79169c4201dd28"
"md","code-review-loop","automator","automator/bmad-story-automator/data/code-review-loop.md","bb12c2e2732c2f5a4f1b5fcc02c52fd2fa968c4b26221705dc4d473c6b0ef25f"
"md","complexity-scoring","automator","automator/bmad-story-automator/data/complexity-scoring.md","28f68cd0e423a305b8f34a5dc16a4e6a3063f9f9b9eb6e58bfa48f1106c764d4"
"md","crash-recovery","automator","automator/bmad-story-automator/data/crash-recovery.md","33f4e177a19264c7d069b8d3c4679cf63969907333fd2d1a407a13017acda072"
"md","create","automator","automator/bmad-story-automator/data/prompts/create.md","3ccb62fbecaa5d41aa879c7cb14d91f4f7c63342706f87f4f522ef48aa85a3c4"
"md","data-file-index","automator","automator/bmad-story-automator/data/data-file-index.md","aa8245977610e67513cd7a24d6ac4d7ecd3802b58143724083abbdffac7d6eca"
"md","dev","automator","automator/bmad-story-automator/data/prompts/dev.md","3ad4c5176d6dcef5e4f88e6b9ed8a5fafbaebbddfdd32d013bceb33a3c05de2c"
"md","escalation-messages","automator","automator/bmad-story-automator/data/escalation-messages.md","7087781dc2fe3e97f0bd5fe6cd892044adde78b960307af1f0e0c2a69745af83"
"md","escalation-messages-core","automator","automator/bmad-story-automator/data/escalation-messages-core.md","e987a9b0aa1db856750a2966593573a44e9356ac682b04273b22fa9d9375c810"
"md","escalation-messages-extended","automator","automator/bmad-story-automator/data/escalation-messages-extended.md","3182ffb0a67b2db2c1aafbd3af29dfe087ede4439bd4e6e3e5e9b0f0118a370f"
"md","escalation-triggers","automator","automator/bmad-story-automator/data/escalation-triggers.md","277037ecabfaa7a516840ff2c3617c8021ad8ddd5876e33a72ffb385af5e0fbe"
"md","execution-patterns","automator","automator/bmad-story-automator/data/execution-patterns.md","b86820a82320a0c9e570ad9a46d4756de6842f5fc6f658ec5e404d7a7bd85be8"
"md","marker-file-format","automator","automator/bmad-story-automator/data/marker-file-format.md","14fcd7e8d5fe6c9290dfbb725a7971c2f2e403bcc07b28ab9b1b4bfa41966e4f"
"md","monitoring-codex","automator","automator/bmad-story-automator/data/monitoring-codex.md","9c548831e79373fda47db803ae4a054ded09db6ea9c44c26037d4a7da0d4a6d3"
"md","monitoring-fallback","automator","automator/bmad-story-automator/data/monitoring-fallback.md","79d6739034c0c5e7859f1fd88e35cea814e26373d7e8374703acc0688d700822"
"md","monitoring-pattern","automator","automator/bmad-story-automator/data/monitoring-pattern.md","903851c47b3a948730f43241155665604e166b97ec929724391f80ba28a89586"
"md","monitoring-pattern-parsing","automator","automator/bmad-story-automator/data/monitoring-pattern-parsing.md","80b68dc9eafb48b6f803a0129cdd73524808c2a1a48fce11b7d58ce18c20a271"
"md","orchestrator-rules","automator","automator/bmad-story-automator/data/orchestrator-rules.md","d46a6eb408a4265cb97e4a171ce9d79c9f7365dbd82e7684db86dfbaf61d9352"
"md","orchestrator-rules-appendix","automator","automator/bmad-story-automator/data/orchestrator-rules-appendix.md","0f49697cb1d65951e6c9d811288611437676788022745598ecd4931e52719973"
"md","preflight-prompts","automator","automator/bmad-story-automator/data/preflight-prompts.md","f0651d0bdcf8f350c7b1392c1e51ed3e5da7acb5d53924a4084c494f4a493d73"
"md","preflight-requirements","automator","automator/bmad-story-automator/data/preflight-requirements.md","7a48f89bcad4f491f5415201b8f22f7a8f2eccd6e6854c3180238b623faf17b3"
"md","README","automator","automator/bmad-story-automator/README.md","ff77d612ac477f561f1d9f3a981ccf14be9a747431b73a96e5269d7116e2eaf4"
"md","report-retention-policy","automator","automator/bmad-story-automator/data/report-retention-policy.md","6e4a0c4eacec999ce6b757660a067ddeb4c370476fd6a21d6ed50f5df87a684c"
"md","retro","automator","automator/bmad-story-automator/data/prompts/retro.md","07688dd2c5403806d0a969f06242d27c71c584ea4c3b178b9135b7dbfdd53737"
"md","retrospective-automation","automator","automator/bmad-story-automator/data/retrospective-automation.md","b98ce1a9badeb22a1d0c1771cc489f20e4c301621006bf82654fc7ffe8365bcf"
"md","retrospective-doc-verification","automator","automator/bmad-story-automator/data/retrospective-doc-verification.md","1b367cc6701198e4cfa33551ba6fb745490fcd9dd3f23ad4ef731d946e2a64ad"
"md","retrospective-prompts","automator","automator/bmad-story-automator/data/retrospective-prompts.md","286339d7901bc4710c3319ae7ccc0129368aad105e63e397e19b37b598b5c78c"
"md","retry-fallback-implementation","automator","automator/bmad-story-automator/data/retry-fallback-implementation.md","f6770cbe346536762e832945a0b8fd0c353001058a5ef165a117adf4b9caa829"
"md","retry-fallback-strategy","automator","automator/bmad-story-automator/data/retry-fallback-strategy.md","1eb4ee3d8319d757e6383bc5d444baaad908b303f808c1d68f2c82618a129509"
"md","review","automator","automator/bmad-story-automator/data/prompts/review.md","a5554a07eaa168af8b0254d12a457f2d88a8834b5af832483ca3be18fee94c4c"
"md","scripts-reference","automator","automator/bmad-story-automator/data/scripts-reference.md","169dda465d254c728211a1f073fde4c7618ee03a2fd5ed5669d77edee3ac4fc9"
"md","SKILL","automator","automator/bmad-story-automator/SKILL.md","fc798f046d5e0f7a0796053999f05148be3fa4639d39f3ea571b041d28d33ef4"
"md","SKILL","automator","automator/bmad-story-automator-review/SKILL.md","74318c6c669609547b78ff6452daaea24eed4d90698e5aa3336558711104e63b"
"md","state-document","automator","automator/bmad-story-automator/templates/state-document.md","caded42b14bee5b88bce228f4dfce867332b2c2ef620b91dde1bef8f3c9ed597"
"md","step-01-init","automator","automator/bmad-story-automator/steps-c/step-01-init.md","28012971a638211ac1ccbc3defa6fbb9aeacad3db9f01c34e16e4b104a893f4a"
"md","step-01b-continue","automator","automator/bmad-story-automator/steps-c/step-01b-continue.md","628b311bb877b345ccc0ec8a661c6e09a58e5b2ea32d32335a8725568e1b9d1c"
"md","step-02-preflight","automator","automator/bmad-story-automator/steps-c/step-02-preflight.md","e108a3c17b60fd3fb2b5f2877cbee41c62f2d43ccb9602e3adff628cdb0a9ce1"
"md","step-02a-preflight-config","automator","automator/bmad-story-automator/steps-c/step-02a-preflight-config.md","05c93034bec4e992533a8921de540e80cb37e9fa49a52d286d1ec86c824d50bb"
"md","step-02b-preflight-finalize","automator","automator/bmad-story-automator/steps-c/step-02b-preflight-finalize.md","9cab6a33e7f69b173a4b1f6e28ab2e2764bab80dc79a71fc10ad928cc8319c18"
"md","step-03-execute","automator","automator/bmad-story-automator/steps-c/step-03-execute.md","db0c334aeac6fd426824e2ba2b7bcc0b5240d34f04b39547034ffce5e21cf5d4"
"md","step-03a-execute-review","automator","automator/bmad-story-automator/steps-c/step-03a-execute-review.md","7b12266c22d5e8221e466a40982d4874289b463ef8731ecceb11ed5019937d15"
"md","step-03b-execute-finish","automator","automator/bmad-story-automator/steps-c/step-03b-execute-finish.md","bcc9cd384034c1d685ef8a2b20b821ee4f09cf1d3ac067d224b330d5b7cc5ce9"
"md","step-03c-execute-complete","automator","automator/bmad-story-automator/steps-c/step-03c-execute-complete.md","68726f6cd04b25517d03f17186029027a14fbe73bb00fb350210c26bc5777d79"
"md","step-04-wrapup","automator","automator/bmad-story-automator/steps-c/step-04-wrapup.md","5104cefbd0281587a154ddd2b51db6e5bb41e80875e2c7cdb4d35ac07ba0119f"
"md","step-e-01-load","automator","automator/bmad-story-automator/steps-e/step-e-01-load.md","96bdcd02037894fcf2d6950af214c5cae9742d4cab65006ab7651520cf1b90b6"
"md","step-v-01-check","automator","automator/bmad-story-automator/steps-v/step-v-01-check.md","626f462a2119da35a94273eb53f2a915a8e2c747e29b43c44206ebc02c9d212c"
"md","step-v-02-report","automator","automator/bmad-story-automator/steps-v/step-v-02-report.md","1c8c5c3e0130f146a606fa730d332d925f3df31f509a48ac7e0ecae3a63c6710"
"md","stop-hook-config","automator","automator/bmad-story-automator/data/stop-hook-config.md","464fc5e74f04f798f885069bc16a84e447d4fcacab9a2b57763579ab7246393c"
"md","stop-hook-recovery","automator","automator/bmad-story-automator/data/stop-hook-recovery.md","ff9a9e806c46c6a94d2d72ce41623730c2c0e3559b091138cc1f0350f4a69f2f"
"md","stop-hook-troubleshooting","automator","automator/bmad-story-automator/data/stop-hook-troubleshooting.md","7f2eab98b8b0849f40a94ec966389be260aff2ce42afe05d5c807228667256bf"
"md","subagent-prompts","automator","automator/bmad-story-automator/data/subagent-prompts.md","c9d143a7cbeb46a4a98e6d3e1aecb9382ce36d6819cf44d60c9505ee00c3ccaf"
"md","subagent-prompts-analysis","automator","automator/bmad-story-automator/data/subagent-prompts-analysis.md","55c8e2d73560ee889c24a20bd4407bce1e0c9ffb1e258de340a9ef113bfb8f6d"
"md","success-patterns","automator","automator/bmad-story-automator/data/success-patterns.md","c03f65d82ed4ceaaa066e377f122f89486275eb5489fcbc3fffc4c37f1882aa3"
"md","tmux-commands","automator","automator/bmad-story-automator/data/tmux-commands.md","be8732a1d96b0f31621a219bd63f5cad80d56993c372d5344abc2d1dfdf3d03f"
"md","tmux-long-command-debugging","automator","automator/bmad-story-automator/data/tmux-long-command-debugging.md","2b1f4a18ab0f6ac963455fb0a2451dbb92e171394ac7298011484c02729c0be7"
"md","tmux-long-command-testing","automator","automator/bmad-story-automator/data/tmux-long-command-testing.md","6c8a510de577daaaf92fe2b2c5b8a0eb7e3db1c8f21f30ba609efab85d6fa83e"
"md","workflow","automator","automator/bmad-story-automator/workflow.md","68065ef09f0f9b6a2dffcc03da54018edfa8fc118ce2f7b6ba63b12afd0fd3d5"
"md","workflow-commands","automator","automator/bmad-story-automator/data/workflow-commands.md","02ce0771ecee740076eec8da86e2a68301f74ae578d19877c0dc07bff75465b6"
"md","wrapup-templates","automator","automator/bmad-story-automator/data/wrapup-templates.md","bc888cee1578e0b637570495172ea6390911d308c48db1b7aab5e37241cf215c"
"py","__init__","automator","automator/bmad-story-automator/src/story_automator/__init__.py","fb72e195b66f77eb4577f80a9e35baa8b9a91019a4321ab70c0587175f404dc8"
"py","__init__","automator","automator/bmad-story-automator/src/story_automator/commands/__init__.py","05e72a03c15981c3190feb37ea2bd1bf06e2a01470c2e12f569b46540767d5bd"
"py","__main__","automator","automator/bmad-story-automator/src/story_automator/__main__.py","3d2438ae92f4746e9ffaa1f837b1fe803f6281091d1f31f8c95643716f257d9a"
"py","agent_config","automator","automator/bmad-story-automator/src/story_automator/core/agent_config.py","a47e4851199eaded4e23eb8397b708fa12dd4a65c9a5c93169f26c0ca3c88889"
"py","agent_config_cmd","automator","automator/bmad-story-automator/src/story_automator/commands/agent_config_cmd.py","ce7e0fd7825bb39e6bbd99a1c8042368578be04d251c3e146fa609a733767eb7"
"py","artifact_paths","automator","automator/bmad-story-automator/src/story_automator/core/artifact_paths.py","d5ab24ee647c6e274536f3c99eb4d4fb43f49a20137cf06c5f88f559d3625615"
"py","basic","automator","automator/bmad-story-automator/src/story_automator/commands/basic.py","49df30e417a09231b05b59f370564021374bfb6c60eedc6b1ebb00844f2f04b4"
"py","cli","automator","automator/bmad-story-automator/src/story_automator/cli.py","2e32a2ea1d5511c7159758090bcfa4746a80db2f25869eac875941f239a59b66"
"py","common","automator","automator/bmad-story-automator/src/story_automator/core/common.py","416b3893bc3b4f4643e0cf61c4f4c27ffbf7d24d3749a9b09d7eb8355b5e3f89"
"py","epic_parser","automator","automator/bmad-story-automator/src/story_automator/core/epic_parser.py","11a48d0147a42b26703de70aa3511928e9e5b88dec866d509a17b2f21a83cbb1"
"py","frontmatter","automator","automator/bmad-story-automator/src/story_automator/core/frontmatter.py","1394f4bb6393fc1576fedcd8afd83e3cd3b87aa21e2e7d307ca11f40706b0d3c"
"py","orchestrator","automator","automator/bmad-story-automator/src/story_automator/commands/orchestrator.py","ca685d08af9acbcb8a11f07c31b41e4e780edc43ed633e15cb710b0c87c11d77"
"py","orchestrator_epic_agents","automator","automator/bmad-story-automator/src/story_automator/commands/orchestrator_epic_agents.py","255b90652bcb5d9e00860cdc8f17cdd5847efd3e490069b2d74266ae897e9263"
"py","orchestrator_parse","automator","automator/bmad-story-automator/src/story_automator/commands/orchestrator_parse.py","baab389b379e86c9630aa86cb12d77aa31f16f5cff3b31c39999ddffe2d92c49"
"py","prompt_rendering","automator","automator/bmad-story-automator/src/story_automator/core/prompt_rendering.py","157ffff7b976aea7ddb675efdee198871e0a84873c3c77029a7c4a6bb404484a"
"py","review_verify","automator","automator/bmad-story-automator/src/story_automator/core/review_verify.py","d0c816851711d34017af236be50557ea0fb127842601c96748cc72679bd07eff"
"py","runtime_layout","automator","automator/bmad-story-automator/src/story_automator/core/runtime_layout.py","376eee9e09e762f2a9b053f01bc071fc6d5c6923a495afce08b41956ca31456b"
"py","runtime_policy","automator","automator/bmad-story-automator/src/story_automator/core/runtime_policy.py","0fd4ab77db10e1d5d8064a8ef5ecb7cf934570c54a9e06c5db61b6c93884b027"
"py","sprint","automator","automator/bmad-story-automator/src/story_automator/core/sprint.py","3c88ec46b2447424e9d12b2932ab5c3e8f9c2c81420c8f5349455f024a7d5514"
"py","state","automator","automator/bmad-story-automator/src/story_automator/commands/state.py","66b43313f9bca08666c9c775d5938e9d78fcd14b1ee823845c5a89b5c7b3810d"
"py","stop_hooks","automator","automator/bmad-story-automator/src/story_automator/core/stop_hooks.py","85e06156d2f00e68564071c26c567e7104ab762920073979a36200a1e2c38dbc"
"py","story_keys","automator","automator/bmad-story-automator/src/story_automator/core/story_keys.py","e5bf2d0b74fa47ff85daed7883205ac27508ab1aaa0a1493442bee2b2d825ba8"
"py","success_verifiers","automator","automator/bmad-story-automator/src/story_automator/core/success_verifiers.py","5704119093a37d9aed590f101bc242151dcb90a04af2d21ed43bee4b8ca870ff"
"py","tmux","automator","automator/bmad-story-automator/src/story_automator/adapters/tmux.py","d9c468f1ca01fa85b1b7e0401906a7719f73340ea2a5f0cb3747f365c0057a9c"
"py","tmux","automator","automator/bmad-story-automator/src/story_automator/commands/tmux.py","00cd19d71c995a4b299ba4476a28941f9bebe98cfd7d3d23c5c59be562599689"
"py","tmux_runtime","automator","automator/bmad-story-automator/src/story_automator/core/tmux_runtime.py","99979bde55a084e643ee5881a5df008f14f7acd13e2807d5873a0612b08a3d6b"
"py","utils","automator","automator/bmad-story-automator/src/story_automator/core/utils.py","d5307fd488963d09273a62a3b54f19561c1df02ca29038e3088c07d8614a57ab"
"py","validate_story_creation","automator","automator/bmad-story-automator/src/story_automator/commands/validate_story_creation.py","bbff48ad4c10823502cbdec531cfc2dd950e3f6a5eb8b54c4a6ddd8082920488"
"py","workflow_paths","automator","automator/bmad-story-automator/src/story_automator/core/workflow_paths.py","d00ea440107328ea882afc4686ca8182e6fbd1dd8545832829fd131af2f91bbb"
"toml","pyproject","automator","automator/bmad-story-automator/pyproject.toml","c81f23d1956b7cc4e311b20eb60d8b37169db2eea6194b56d1d3163f083f3974"
"xml","instructions","automator","automator/bmad-story-automator-review/instructions.xml","c6b4fd10594e533716c5b8631813e84309988213aa997a46825c8e878e841c5d"
"yaml","config","automator","automator/config.yaml","d8ee8f8f5e3213baff4bed9ad5eec24ed2401e90c95b0e60315c9a58c6f77809"
"yaml","workflow","automator","automator/bmad-story-automator-review/workflow.yaml","ec6973fa4399c82cb99760d146174311da0e2f9d08abd44792f0da17646e4f75"
"csv","documentation-requirements","bmm","bmm/1-analysis/bmad-document-project/documentation-requirements.csv","d1253b99e88250f2130516b56027ed706e643bfec3d99316727a4c6ec65c6c1d"
"csv","domain-complexity","bmm","bmm/3-solutioning/bmad-create-architecture/data/domain-complexity.csv","3dc34ed39f1fc79a51f7b8fc92087edb7cd85c4393a891d220f2e8dd5a101c70"
"csv","module-help","bmm","bmm/module-help.csv","44aeae5ba00ace308ebfba304548613b75c4ee4e9875e9a1afc9385689fbfe5f"
"csv","project-types","bmm","bmm/3-solutioning/bmad-create-architecture/data/project-types.csv","12343635a2f11343edb1d46906981d6f5e12b9cad2f612e13b09460b5e5106e7"
"html","validation-report-template","bmm","bmm/2-plan-workflows/bmad-prd/assets/validation-report-template.html","a80becdd8205d2d7c18738855830b096172a496b96b5ca8a0820ec55c9bb8bf9"
"html","validation-report-template","bmm","bmm/2-plan-workflows/bmad-ux/assets/validation-report-template.html","8656945636fabe96624f8ef8fce931b073b5aecbe42d490584c1d5c7f31e1353"
"json","bmad-manifest","bmm","bmm/1-analysis/bmad-prfaq/bmad-manifest.json","7908cab6f0cd66f1f3427b4cc659975b4737bdc44f789b23c6a895fcd084c4bc"
"json","project-scan-report-schema","bmm","bmm/1-analysis/bmad-document-project/templates/project-scan-report-schema.json","8466965321f1db22f5013869636199f67e0113706283c285a7ffbbf5efeea321"
"md","architecture-decision-template","bmm","bmm/3-solutioning/bmad-create-architecture/architecture-decision-template.md","5d9adf90c28df61031079280fd2e49998ec3b44fb3757c6a202cda353e172e9f"
"md","artifact-analyzer","bmm","bmm/1-analysis/bmad-prfaq/agents/artifact-analyzer.md","7bdc44830f8d593346ec0ee15e36e1e431432fcc6c38b70bb861999315c9cfa4"
"md","brief-template","bmm","bmm/1-analysis/bmad-product-brief/assets/brief-template.md","bb28edf75d023067551c8d417b19b8803324e7acfb2ad0c80f882e9134f4c1f1"
"md","case-file-template","bmm","bmm/4-implementation/bmad-investigate/references/case-file-template.md","9dccb41f3f3fc796b42411966e51b32c4231aaceb4b6bb1880a16225a990002e"
"md","checklist","bmm","bmm/1-analysis/bmad-document-project/checklist.md","581b0b034c25de17ac3678db2dbafedaeb113de37ddf15a4df6584cf2324a7d7"
"md","checklist","bmm","bmm/4-implementation/bmad-correct-course/checklist.md","3e082b95def90ccb876e3101ce0bbaf797a0f03a9471e1347361897f27977327"
"md","checklist","bmm","bmm/4-implementation/bmad-create-story/checklist.md","b94e28e774c3be0288f04ea163424bece4ddead5cd3f3680d1603ed07383323a"
"md","checklist","bmm","bmm/4-implementation/bmad-dev-story/checklist.md","630b68c6824a8785003a65553c1f335222b17be93b1bd80524c23b38bde1d8af"
"md","checklist","bmm","bmm/4-implementation/bmad-qa-generate-e2e-tests/checklist.md","b58f810aeb1040c2f6758c88aa133afce72f8cc178d3d97ff0fbaa3d943057dc"
"md","checklist","bmm","bmm/4-implementation/bmad-sprint-planning/checklist.md","80b10aedcf88ab1641b8e5f99c9a400c8fd9014f13ca65befc5c83992e367dd7"
"md","color-themes","bmm","bmm/2-plan-workflows/bmad-ux/assets/color-themes.md","48fac7943e8584ccf7dd1bcdfdfd4513366a086a3a84965b6b302ccf6607c171"
"md","compile-epic-context","bmm","bmm/4-implementation/bmad-quick-dev/compile-epic-context.md","5cfda02f252941e415b80c57b4528f46226b3cbf456ad45d78fcb5a7ef4816e2"
"md","creative-tools","bmm","bmm/2-plan-workflows/bmad-ux/references/creative-tools.md","adb3e976aa60ccb5d8c8a34294c70806c424ec784b6b532d8f9032b92caffa67"
"md","customer-faq","bmm","bmm/1-analysis/bmad-prfaq/references/customer-faq.md","96f8565197649c58908a1d61b6cd805fd01f57da7945ba889c18d087ad597aeb"
"md","deep-dive-instructions","bmm","bmm/1-analysis/bmad-document-project/workflows/deep-dive-instructions.md","a79e24b93a25ab456062916a9dad7b6a16dc43ac0b4b555700d3c3751cff0d25"
"md","deep-dive-template","bmm","bmm/1-analysis/bmad-document-project/templates/deep-dive-template.md","6198aa731d87d6a318b5b8d180fc29b9aa53ff0966e02391c17333818e94ffe9"
"md","deep-dive-workflow","bmm","bmm/1-analysis/bmad-document-project/workflows/deep-dive-workflow.md","a64d98dfa3b771df2853c4fa19a4e9c90d131e409e13b4c6f5e494d6ac715125"
"md","design-directions","bmm","bmm/2-plan-workflows/bmad-ux/assets/design-directions.md","a27225c4ebd80689d8f98c711c15ce8d525c0229bf7247591a7423f20ba88e74"
"md","design-example-editorial","bmm","bmm/2-plan-workflows/bmad-ux/assets/design-example-editorial.md","a659166845b1a4ed3f9aef942c5935537a97382b10303684fbb78ed86265870e"
"md","design-example-mobile","bmm","bmm/2-plan-workflows/bmad-ux/assets/design-example-mobile.md","a93fb9f114f2e83af0c961c0d7909b3859fc80bcd713715517cd639a53a0372a"
"md","design-example-shadcn","bmm","bmm/2-plan-workflows/bmad-ux/assets/design-example-shadcn.md","25e0dfb2bb21483973a8f0a6ed650288b3dc2ae5ed02aa0f091bb9b6b0b39fc0"
"md","design-md-spec","bmm","bmm/2-plan-workflows/bmad-ux/references/design-md-spec.md","d04d5f663607aba3f3181e818ae33856e6caf5e560dcb16fa64ed80b7cf3d590"
"md","discover-inputs","bmm","bmm/4-implementation/bmad-create-story/discover-inputs.md","dfedba6a8ea05c9a91c6d202c4b29ee3ea793d8ef77575034787ae0fef280507"
"md","epics-template","bmm","bmm/3-solutioning/bmad-create-epics-and-stories/templates/epics-template.md","a804f740155156d89661fa04e7a4264a8f712c4dc227c44fd8ae804a9b0f6b72"
"md","excalidraw-wireframe","bmm","bmm/2-plan-workflows/bmad-ux/assets/excalidraw-wireframe.md","660bbcdebff50cd044a3752eda43f3cb303aca4b0f521b55a270da93b89ddb18"
"md","experience-example-mobile","bmm","bmm/2-plan-workflows/bmad-ux/assets/experience-example-mobile.md","f8cd54c92193cd8c34a472df9c212ac7330976f6a115b729721dcb60034dc4f0"
"md","experience-example-shadcn","bmm","bmm/2-plan-workflows/bmad-ux/assets/experience-example-shadcn.md","d6ca16e87b768e8b41f352c02ee08af21d7cdac04ca21e6ae1556864b4d27590"
"md","explain-concept","bmm","bmm/1-analysis/bmad-agent-tech-writer/explain-concept.md","6ea82dbe4e41d4bb8880cbaa62d936e40cef18f8c038be73ae6e09c462abafc9"
"md","full-scan-instructions","bmm","bmm/1-analysis/bmad-document-project/workflows/full-scan-instructions.md","2235945df2ae261265187447ce593238e132a026a9b88d3507a1f1d6808a0263"
"md","full-scan-workflow","bmm","bmm/1-analysis/bmad-document-project/workflows/full-scan-workflow.md","3bff88a392c16602bd44730f32483505e73e65e46e82768809c13a0a5f55608b"
"md","generate-trail","bmm","bmm/4-implementation/bmad-checkpoint-preview/generate-trail.md","4a5936d86fbe5a85285b4535097b1e2edda8849da35586f4b588a982d7224459"
"md","headless","bmm","bmm/2-plan-workflows/bmad-prd/references/headless.md","79d2c05481f016b73bff0169a9fff4bb7f54608904c91c717b6b7627c5e63b48"
"md","headless","bmm","bmm/2-plan-workflows/bmad-ux/references/headless.md","26943a9482800603334a9eeb3f27363ac91d4061ae3ee67d32a0f78e1fe61c22"
"md","headless-schemas","bmm","bmm/2-plan-workflows/bmad-prd/assets/headless-schemas.md","66a5b1f0ce22c7baf3a6b6a14feb7458491b1106bef437389cd6291f81eebd7f"
"md","headless-schemas","bmm","bmm/2-plan-workflows/bmad-ux/assets/headless-schemas.md","ea85db9a686eb59cb62395b72ea6f27c8ff4205a17edb5b70d959c6ed16a8b94"
"md","index-template","bmm","bmm/1-analysis/bmad-document-project/templates/index-template.md","42c8a14f53088e4fda82f26a3fe41dc8a89d4bcb7a9659dd696136378b64ee90"
"md","instructions","bmm","bmm/1-analysis/bmad-document-project/instructions.md","9f4bc3a46559ffd44289b0d61a0f8f26f829783aa1c0e2a09dfa807fa93eb12f"
"md","internal-faq","bmm","bmm/1-analysis/bmad-prfaq/references/internal-faq.md","26eb83f844cda1ed8efb50f4703d61713ada8a64bd27eb387f759f858b5748de"
"md","key-screens","bmm","bmm/2-plan-workflows/bmad-ux/assets/key-screens.md","a546c6071f62ee4298c7ecb2b4d52e90d5db82dd65ed6a870787b2d54c0f9204"
"md","mermaid-gen","bmm","bmm/1-analysis/bmad-agent-tech-writer/mermaid-gen.md","1d83fcc5fa842bc31ecd9fd7e45fbf013fabcadf0022d3391fff5b53b48e4b5d"
"md","prd-template","bmm","bmm/2-plan-workflows/bmad-prd/assets/prd-template.md","41e77bd5c4ee81c3f383b55d6f515147afc9c4bd1a3317ddf55a9282deae495c"
"md","prd-validation-checklist","bmm","bmm/2-plan-workflows/bmad-prd/assets/prd-validation-checklist.md","41d9f09064772a92ec908d970618e47ba63dc86b5c5a1a21d5a2c676d3ba8e3f"
"md","press-release","bmm","bmm/1-analysis/bmad-prfaq/references/press-release.md","c406adb0e2d2cc326cbc45d0174f89d014523448ad82bc272293999d22aec596"
"md","prfaq-template","bmm","bmm/1-analysis/bmad-prfaq/assets/prfaq-template.md","b27e6964f0437ab4e78c8c0ffbe5052c28e3b3ef2fc811726cbb394d5a5c7559"
"md","project-context-template","bmm","bmm/3-solutioning/bmad-generate-project-context/project-context-template.md","54e351394ceceb0ac4b5b8135bb6295cf2c37f739c7fd11bb895ca16d79824a5"
"md","project-overview-template","bmm","bmm/1-analysis/bmad-document-project/templates/project-overview-template.md","a7c7325b75a5a678dca391b9b69b1e3409cfbe6da95e70443ed3ace164e287b2"
"md","readiness-report-template","bmm","bmm/3-solutioning/bmad-check-implementation-readiness/templates/readiness-report-template.md","0da97ab1e38818e642f36dc0ef24d2dae69fc6e0be59924dc2dbf44329738ff6"
"md","research.template","bmm","bmm/1-analysis/research/bmad-domain-research/research.template.md","507bb6729476246b1ca2fca4693986d286a33af5529b6cd5cb1b0bb5ea9926ce"
"md","research.template","bmm","bmm/1-analysis/research/bmad-market-research/research.template.md","507bb6729476246b1ca2fca4693986d286a33af5529b6cd5cb1b0bb5ea9926ce"
"md","research.template","bmm","bmm/1-analysis/research/bmad-technical-research/research.template.md","507bb6729476246b1ca2fca4693986d286a33af5529b6cd5cb1b0bb5ea9926ce"
"md","SKILL","bmm","bmm/1-analysis/bmad-agent-analyst/SKILL.md","fca38a404e79508ebc39235d0162bcb475b02407a913e3e5bd8c5526b2b261a6"
"md","SKILL","bmm","bmm/1-analysis/bmad-agent-tech-writer/SKILL.md","7544242ff68d0ddfd466274f40ae9f3b0ea06ee5f5f938f68f953e19b3598cd7"
"md","SKILL","bmm","bmm/1-analysis/bmad-document-project/SKILL.md","806d73f66a8f3f3e7b3cbd3b9a87ad4d8b9aabd3ff91f37c96edef36a17aa2b3"
"md","SKILL","bmm","bmm/1-analysis/bmad-prfaq/SKILL.md","42bbfe91af6826463c30dad6ba4038ebc755e8b3bc3d74b7853bd0432f4384c1"
"md","SKILL","bmm","bmm/1-analysis/bmad-product-brief/SKILL.md","1aa3756bf48864462970c53801cb5b39c12b525a3f8d9411e3d1f5e4b7afdb94"
"md","SKILL","bmm","bmm/1-analysis/research/bmad-domain-research/SKILL.md","2308f7e21f78d7f2ed43d560dbcdbfa2af236d6a81988495f28baf0e81a03206"
"md","SKILL","bmm","bmm/1-analysis/research/bmad-market-research/SKILL.md","13f2c2148061dc6688c4c9d81b5e5b98fbfe4d7294eba0daa0cac5b17f7a0593"
"md","SKILL","bmm","bmm/1-analysis/research/bmad-technical-research/SKILL.md","290c5aec88886a623f620e59e43090d11791b0fade357bae2b9de9ae510d3159"
"md","SKILL","bmm","bmm/2-plan-workflows/bmad-agent-pm/SKILL.md","e2ebea0bf6ee158fcb9e62731a185983f2ac59f664940f4f4320cf10e1bbdf92"
"md","SKILL","bmm","bmm/2-plan-workflows/bmad-agent-ux-designer/SKILL.md","d780ae59b9fb7e3a94c5ffe4ec75f90942d4a9a3944af4b36c2d279fdd7801db"
"md","SKILL","bmm","bmm/2-plan-workflows/bmad-create-prd/SKILL.md","143c5c2d85734021db343ff3dbf143e804eddbf9fb519fb824b70f1a9154767d"
"md","SKILL","bmm","bmm/2-plan-workflows/bmad-edit-prd/SKILL.md","31ecfe3c16513d994e44e648a7f2d4f4a6ccf297ca6c1826aa68ef7b053e7ff2"
"md","SKILL","bmm","bmm/2-plan-workflows/bmad-prd/SKILL.md","53e3212e2c3321b70dd05b29ac6b9089a0d7eeb345fd99d9d6439e1c294e85b2"
"md","SKILL","bmm","bmm/2-plan-workflows/bmad-ux/SKILL.md","e514708b3c56848ec9dece8845efc96d2cf3b36fb18c04ff464653cab1165a0c"
"md","SKILL","bmm","bmm/2-plan-workflows/bmad-validate-prd/SKILL.md","931439b8c84bc454d0596a1ad35d6583c1926c941f2928c54b31aea702c24b53"
"md","SKILL","bmm","bmm/3-solutioning/bmad-agent-architect/SKILL.md","82bbf22ff3a4571741c9339ae6b7c35676a6e26a3237ceca487abe85369e91a0"
"md","SKILL","bmm","bmm/3-solutioning/bmad-check-implementation-readiness/SKILL.md","a7e12eae2bdb5a95cc0534e6d5bf58e7ce4b947327a494d475ef98e67f03718a"
"md","SKILL","bmm","bmm/3-solutioning/bmad-create-architecture/SKILL.md","9863398b2a4e4603130d86f70b1e76bead4ffbf5b9883a12d9d57a925efdaed4"
"md","SKILL","bmm","bmm/3-solutioning/bmad-create-epics-and-stories/SKILL.md","4ec9ec255c2c0e97ae912342ae1445318e672aa1c2a9e412806b7d7ef7d5a6a7"
"md","SKILL","bmm","bmm/3-solutioning/bmad-generate-project-context/SKILL.md","f25e05d8c3923f331f96a73e6ba8bb8b055b5ca2aa548402a3b633141b8dea21"
"md","SKILL","bmm","bmm/4-implementation/bmad-agent-dev/SKILL.md","54ab6d9d60d7ed7e84d6510cf325734b66feb1b419131436672559584b4bf508"
"md","SKILL","bmm","bmm/4-implementation/bmad-checkpoint-preview/SKILL.md","34613078dbea9c55e45df016399328d8360579fd381301a5de78bb52c3597591"
"md","SKILL","bmm","bmm/4-implementation/bmad-code-review/SKILL.md","469e9478941710a1a752cac3e8c3c0e5f8828e63b27359a8c236d83d5deb4940"
"md","SKILL","bmm","bmm/4-implementation/bmad-correct-course/SKILL.md","5064ef2e7aedfb094bef912d5e4d6680318a1904d9bcdc7875d3dc16bb253ea4"
"md","SKILL","bmm","bmm/4-implementation/bmad-create-story/SKILL.md","23551a5b6ad1df44cd8020065d3ccbc8afafcb00961aca203a90d0584ea08190"
"md","SKILL","bmm","bmm/4-implementation/bmad-dev-story/SKILL.md","f12801307b157f04d2bde7da104e1ebde3f2898bd3a60326da928d5b9fc793ac"
"md","SKILL","bmm","bmm/4-implementation/bmad-investigate/SKILL.md","c544661dd73d01728c8de8c96622d16b8e8ffe423352f04b2093d5d4b6a0274a"
"md","SKILL","bmm","bmm/4-implementation/bmad-qa-generate-e2e-tests/SKILL.md","9e78729569b2dc8e24e5f8eb016a851c4efd5c1920e2c91e0e3175fc6899d98d"
"md","SKILL","bmm","bmm/4-implementation/bmad-quick-dev/SKILL.md","4c67bf5f805cd73c2a45587f24dcc88c2ea16fce7bfb53c1d9de1479763a5b68"
"md","SKILL","bmm","bmm/4-implementation/bmad-retrospective/SKILL.md","ced7497014942601a47c66193d0f2a6daf0c4da3d64c14691c5900a7fca4398e"
"md","SKILL","bmm","bmm/4-implementation/bmad-sprint-planning/SKILL.md","ee30e6b908ea266e308d51c4163d55dceb2913fb09359b647fe5533852572b60"
"md","SKILL","bmm","bmm/4-implementation/bmad-sprint-status/SKILL.md","1f4b2ff81d337101d836d3eb8e73998b0495423593675a688aee43cec23eebf1"
"md","source-tree-template","bmm","bmm/1-analysis/bmad-document-project/templates/source-tree-template.md","109bc335ebb22f932b37c24cdc777a351264191825444a4d147c9b82a1e2ad7a"
"md","spec-template","bmm","bmm/4-implementation/bmad-quick-dev/spec-template.md","3ee15d5a63cf5eeee74149c590668fc61d0e44023eac12988a1ca2a9438a9d39"
"md","step-01-clarify-and-route","bmm","bmm/4-implementation/bmad-quick-dev/step-01-clarify-and-route.md","b5eb9f0cecf2a462885b8e7b4c21abbaec1e95c8abbd76bc410d9090fd8379f0"
"md","step-01-discover","bmm","bmm/3-solutioning/bmad-generate-project-context/steps/step-01-discover.md","8b2c8c7375f8a3c28411250675a28c0d0a9174e6c4e67b3d53619888439c4613"
"md","step-01-document-discovery","bmm","bmm/3-solutioning/bmad-check-implementation-readiness/steps/step-01-document-discovery.md","c763b512d55906122433cb65c1bcd5b5b283e45eacdc07281c8ec7596b6b3980"
"md","step-01-gather-context","bmm","bmm/4-implementation/bmad-code-review/steps/step-01-gather-context.md","d0ee7558605e9d48b5b6f15d9b535542eb6d922613f529bb520326eacade4171"
"md","step-01-init","bmm","bmm/1-analysis/research/bmad-domain-research/domain-steps/step-01-init.md","efee243f13ef54401ded88f501967b8bc767460cec5561b2107fc03fe7b7eab1"
"md","step-01-init","bmm","bmm/1-analysis/research/bmad-market-research/steps/step-01-init.md","64d5501aea0c0005db23a0a4d9ee84cf4e9239f553c994ecc6b1356917967ccc"
"md","step-01-init","bmm","bmm/1-analysis/research/bmad-technical-research/technical-steps/step-01-init.md","c9a1627ecd26227e944375eb691e7ee6bc9f5db29a428a5d53e5d6aef8bb9697"
"md","step-01-init","bmm","bmm/3-solutioning/bmad-create-architecture/steps/step-01-init.md","5119205b712ebda0cd241c3daad217bb0f6fa9e6cb41d6635aec6b7fe83b838a"
"md","step-01-orientation","bmm","bmm/4-implementation/bmad-checkpoint-preview/step-01-orientation.md","d9e3b949c36d49a025f3535773af2b51888fe4ce616b6d6d69683a122716b1d2"
"md","step-01-validate-prerequisites","bmm","bmm/3-solutioning/bmad-create-epics-and-stories/steps/step-01-validate-prerequisites.md","5c2aabc871363d84fc2e12fd83a3889e9d752b6bd330e31a0067c96204dd4880"
"md","step-01b-continue","bmm","bmm/3-solutioning/bmad-create-architecture/steps/step-01b-continue.md","4bf216008297dcea25f8be693109cf17879c621865b302c994cdd15aa5124e5f"
"md","step-02-context","bmm","bmm/3-solutioning/bmad-create-architecture/steps/step-02-context.md","4381c5128de7d5c02ac806a1263e3965754bd2598954f3188219fbd87567e5c9"
"md","step-02-customer-behavior","bmm","bmm/1-analysis/research/bmad-market-research/steps/step-02-customer-behavior.md","bac4de244049f90d1f2eb95e2cc9389cc84966d9538077fef1ec9c35e4533849"
"md","step-02-design-epics","bmm","bmm/3-solutioning/bmad-create-epics-and-stories/steps/step-02-design-epics.md","7c66987808c1f84e853fe54b7aff26d209196d450b5644704110f124a15179bc"
"md","step-02-domain-analysis","bmm","bmm/1-analysis/research/bmad-domain-research/domain-steps/step-02-domain-analysis.md","385a288d9bbb0adf050bcce4da4dad198a9151822f9766900404636f2b0c7f9d"
"md","step-02-generate","bmm","bmm/3-solutioning/bmad-generate-project-context/steps/step-02-generate.md","b1f063edae66a74026b67a79a245cec7ee85438bafcacfc70dcf6006b495e060"
"md","step-02-plan","bmm","bmm/4-implementation/bmad-quick-dev/step-02-plan.md","72f4df415adceaaf554166983559e058c6a019d783d0f87cf42c401db3c5f52c"
"md","step-02-prd-analysis","bmm","bmm/3-solutioning/bmad-check-implementation-readiness/steps/step-02-prd-analysis.md","38be2bf4b924c0b5b395b57d68f685d790ade7b1a6c10993d3c550675f87d954"
"md","step-02-review","bmm","bmm/4-implementation/bmad-code-review/steps/step-02-review.md","1883758e0e91fba439497d04417f03d778f3f6fb12754f49aa8cfa5e15489f70"
"md","step-02-technical-overview","bmm","bmm/1-analysis/research/bmad-technical-research/technical-steps/step-02-technical-overview.md","9c7582241038b16280cddce86f2943216541275daf0a935dcab78f362904b305"
"md","step-02-walkthrough","bmm","bmm/4-implementation/bmad-checkpoint-preview/step-02-walkthrough.md","66cf893f8f968ee81034e9ccd8c20415692c3a8c23a9a143c2245fe6c800acdc"
"md","step-03-competitive-landscape","bmm","bmm/1-analysis/research/bmad-domain-research/domain-steps/step-03-competitive-landscape.md","f10aa088ba00c59491507f6519fb314139f8be6807958bb5fd1b66bff2267749"
"md","step-03-complete","bmm","bmm/3-solutioning/bmad-generate-project-context/steps/step-03-complete.md","e61463db76a8fa060411aa24127aee936d646b97564e9e2a883494ea50e68464"
"md","step-03-create-stories","bmm","bmm/3-solutioning/bmad-create-epics-and-stories/steps/step-03-create-stories.md","c5b787a82e4e49ed9cd9c028321ee1689f32b8cd69d89eea609b37cd3d481afc"
"md","step-03-customer-pain-points","bmm","bmm/1-analysis/research/bmad-market-research/steps/step-03-customer-pain-points.md","5b2418ccaaa89291c593efed0311b3895faad1e9181800d382da823a8eb1312a"
"md","step-03-detail-pass","bmm","bmm/4-implementation/bmad-checkpoint-preview/step-03-detail-pass.md","d48163b9f305f15af57729a8443142e47beb6c3e977554afe12b39ee49cb9fc0"
"md","step-03-epic-coverage-validation","bmm","bmm/3-solutioning/bmad-check-implementation-readiness/steps/step-03-epic-coverage-validation.md","7b187f03a47cba0325fcfd10240410db9c59d93768342fc2dd3de2a01ec23356"
"md","step-03-implement","bmm","bmm/4-implementation/bmad-quick-dev/step-03-implement.md","4d848865eafe5eeba7d83529c766bd410a9cc20a05de1d6a764954c7275b4749"
"md","step-03-integration-patterns","bmm","bmm/1-analysis/research/bmad-technical-research/technical-steps/step-03-integration-patterns.md","005d517a2f962e2172e26b23d10d5e6684c7736c0d3982e27b2e72d905814ad9"
"md","step-03-starter","bmm","bmm/3-solutioning/bmad-create-architecture/steps/step-03-starter.md","b7727e0f37bc5325e15abad1c54bef716d617df423336090189efd1d307a0b3f"
"md","step-03-triage","bmm","bmm/4-implementation/bmad-code-review/steps/step-03-triage.md","91eaa27f6a167702ead00da9e93565c9bff79dce92c02eccbca61b1d1ed39a80"
"md","step-04-architectural-patterns","bmm","bmm/1-analysis/research/bmad-technical-research/technical-steps/step-04-architectural-patterns.md","4636f23e9c585a7a0c90437a660609d913f16362c3557fc2e71d408d6b9f46ce"
"md","step-04-customer-decisions","bmm","bmm/1-analysis/research/bmad-market-research/steps/step-04-customer-decisions.md","f0bc25f2179b7490e7a6704159a32fc9e83ab616022355ed53acfe8e2f7059d5"
"md","step-04-decisions","bmm","bmm/3-solutioning/bmad-create-architecture/steps/step-04-decisions.md","7fc0ebb63ab5ad0efc470f1063c15f14f52f5d855da2382fd17576cf060a8763"
"md","step-04-final-validation","bmm","bmm/3-solutioning/bmad-create-epics-and-stories/steps/step-04-final-validation.md","6b83fcf177c24c6b43c2eb0df2efc1430cb0f357b3ab20ee8a5c5483c3fee079"
"md","step-04-present","bmm","bmm/4-implementation/bmad-code-review/steps/step-04-present.md","eee5687e9d7da9a0aeffd78180b8289fca804fc2d59896db5f65a8dd476e4869"
"md","step-04-regulatory-focus","bmm","bmm/1-analysis/research/bmad-domain-research/domain-steps/step-04-regulatory-focus.md","d22035529efe91993e698b4ebf297bf2e7593eb41d185a661c357a8afc08977b"
"md","step-04-review","bmm","bmm/4-implementation/bmad-quick-dev/step-04-review.md","e62a50a37ab20eb426f5abd44179dfac51548707b5e85e6fe7817c144cbe3dae"
"md","step-04-testing","bmm","bmm/4-implementation/bmad-checkpoint-preview/step-04-testing.md","28a56e868968ea2d18add0df8c4bccced0f94b698e218df3d45ddac072ce369c"
"md","step-04-ux-alignment","bmm","bmm/3-solutioning/bmad-check-implementation-readiness/steps/step-04-ux-alignment.md","f71e5f0d77615e885ae40fdee6b04c1dd6e472c871f87b515fe869cb5f6966fb"
"md","step-05-competitive-analysis","bmm","bmm/1-analysis/research/bmad-market-research/steps/step-05-competitive-analysis.md","17532051ad232cfc859f09ac3b44f9f4d542eb24cff8d07317126ccdff0d225a"
"md","step-05-epic-quality-review","bmm","bmm/3-solutioning/bmad-check-implementation-readiness/steps/step-05-epic-quality-review.md","d8a84e57f4e3a321734b5b5d093458ceb1e338744f18954c5a204f5ce3576185"
"md","step-05-implementation-research","bmm","bmm/1-analysis/research/bmad-technical-research/technical-steps/step-05-implementation-research.md","e2b8a2c79bcebadc85f3823145980fa47d7e7be8d1c112f686c6223c8c138608"
"md","step-05-patterns","bmm","bmm/3-solutioning/bmad-create-architecture/steps/step-05-patterns.md","3c80aba507aa46893ef43f07c5c321b985632ef57abc82d5ee93c3d9c2911134"
"md","step-05-present","bmm","bmm/4-implementation/bmad-quick-dev/step-05-present.md","ea49ce8703d4946ec54a59ff428d52ad64ab2649f49c43230bec1f3d09e85b55"
"md","step-05-technical-trends","bmm","bmm/1-analysis/research/bmad-domain-research/domain-steps/step-05-technical-trends.md","fd6c577010171679f630805eb76e09daf823c2b9770eb716986d01f351ce1fb4"
"md","step-05-wrapup","bmm","bmm/4-implementation/bmad-checkpoint-preview/step-05-wrapup.md","c2d4dbc17fed4f8ecbfcb09a2f9c77f0d4562bd27397270e2c27ba37cf4fe073"
"md","step-06-final-assessment","bmm","bmm/3-solutioning/bmad-check-implementation-readiness/steps/step-06-final-assessment.md","1b9c8c2a21950f85e052e05309bfcb3bfe38157ba6fca402ccf37444e7f1cee3"
"md","step-06-research-completion","bmm","bmm/1-analysis/research/bmad-market-research/steps/step-06-research-completion.md","4f5d3158a8462656d6959d29544ed5c92cb925641e2205e47af05c124fcd7666"
"md","step-06-research-synthesis","bmm","bmm/1-analysis/research/bmad-domain-research/domain-steps/step-06-research-synthesis.md","805f2cb7005a4fb0c4da52ea38d45de863f3e840e0f2de1456c414831cdbdf59"
"md","step-06-research-synthesis","bmm","bmm/1-analysis/research/bmad-technical-research/technical-steps/step-06-research-synthesis.md","64d9303ef0c9ce839dc3b2d72e94e3e5b4673e82dc7fc9f1571bd0b03b3a43a7"
"md","step-06-structure","bmm","bmm/3-solutioning/bmad-create-architecture/steps/step-06-structure.md","f8333ca290b62849c1e2eb2f770b46705b09fe0322217b699b13be047efdd03e"
"md","step-07-validation","bmm","bmm/3-solutioning/bmad-create-architecture/steps/step-07-validation.md","dde4cd93a3015011da9a8a3237aafa2d15d0935205686231e58bf7064f81cc28"
"md","step-08-complete","bmm","bmm/3-solutioning/bmad-create-architecture/steps/step-08-complete.md","6466e5196be63e9e21b81d6fed45f1ff547d6ac739271201d6180febc857473d"
"md","step-oneshot","bmm","bmm/4-implementation/bmad-quick-dev/step-oneshot.md","d68648848bb8277f5b762c3528c2aa42122268037b97d252a8f4faf4edb2830e"
"md","sync-sprint-status","bmm","bmm/4-implementation/bmad-quick-dev/sync-sprint-status.md","c0f2fdb940984206a4b7aa2467fbcb7c4811f648634e43a488593974e9efff5e"
"md","template","bmm","bmm/4-implementation/bmad-create-story/template.md","29ba697368d77e88e88d0e7ac78caf7a78785a7dcfc291082aa96a62948afb67"
"md","validate","bmm","bmm/2-plan-workflows/bmad-prd/references/validate.md","689387606f3df71641a619e42d2841c815de1e05f8ceb87d2198383e3cb0f98b"
"md","validate","bmm","bmm/2-plan-workflows/bmad-ux/references/validate.md","a9863cdcfd74edb0a34189594df46a5c3a2f08ab2524257f6a38342ec0a6cead"
"md","validate-doc","bmm","bmm/1-analysis/bmad-agent-tech-writer/validate-doc.md","3b8d25f60be191716266726393f2d44b77262301b785a801631083b610d6acc5"
"md","verdict","bmm","bmm/1-analysis/bmad-prfaq/references/verdict.md","1a1cbc34090114d3a2b928456edec1563b73d84fea66c58e98780bf680f172ec"
"md","web-researcher","bmm","bmm/1-analysis/bmad-prfaq/agents/web-researcher.md","6e9127bb9bd3e4b15c701e4ced9eef328769262cd34eadc221bebe954c1f3aef"
"md","write-document","bmm","bmm/1-analysis/bmad-agent-tech-writer/write-document.md","c0ddfd981f765b82cba0921dad331cd1fa32bacdeea1f02320edfd60a0ae7e6f"
"toml","customize","bmm","bmm/1-analysis/bmad-agent-analyst/customize.toml","7191f4a60ada7dbabe083699b2461f35778af7688924dc6ce05911cf1ffc9054"
"toml","customize","bmm","bmm/1-analysis/bmad-agent-tech-writer/customize.toml","bb828f2d26a136870099226f07c61297ce88ddd335823b7549592932bbe14a2e"
"toml","customize","bmm","bmm/1-analysis/bmad-document-project/customize.toml","3bbb5044fafdd865a5fe0863df116a479f30de7fb95c9cf4213f0b87ba1ba924"
"toml","customize","bmm","bmm/1-analysis/bmad-prfaq/customize.toml","8994f925bab65bd310e5ab38781286b6137f3e0c9e89f3ab8a2f480eb05e0de5"
"toml","customize","bmm","bmm/1-analysis/bmad-product-brief/customize.toml","cdd7b417de5b280ab5bd3af65f69654b05980b5efb48077563827c16391f42d6"
"toml","customize","bmm","bmm/1-analysis/research/bmad-domain-research/customize.toml","462ef14dc1e1f6d145fdfe25e315168fd1fa278ea5f87fe0fa86689234daec2f"
"toml","customize","bmm","bmm/1-analysis/research/bmad-market-research/customize.toml","f47af9158893dd3f7ab81ac03cb07d8c76342eead61ec7c9a8a463066b7db9af"
"toml","customize","bmm","bmm/1-analysis/research/bmad-technical-research/customize.toml","7f567fddb04674f817398addbc06e6d1620883d89dcc7ac643c5a56eef5ac337"
"toml","customize","bmm","bmm/2-plan-workflows/bmad-agent-pm/customize.toml","afc2250de25241ac3577c9827e1ee62d8c7a1913de8eb23aadfffb0aadbadc37"
"toml","customize","bmm","bmm/2-plan-workflows/bmad-agent-ux-designer/customize.toml","3df7da44945f9df34dbb3a64de086c756e6c298e73078e388e8f9a4f57cbf7ab"
"toml","customize","bmm","bmm/2-plan-workflows/bmad-create-prd/customize.toml","0c990af4c0a755402abbef893850bd542744a8b6f36c0587c9f3fb6dab6bf5e7"
"toml","customize","bmm","bmm/2-plan-workflows/bmad-edit-prd/customize.toml","35cc2dfb3eda73a0ae4dc987cac58867b25c43ce5c5a1bf552e215826ede6c22"
"toml","customize","bmm","bmm/2-plan-workflows/bmad-prd/customize.toml","c30f48939b558a0e7e4c0a4d4f6eb08e50bad4464ca64c652247d114a398d459"
"toml","customize","bmm","bmm/2-plan-workflows/bmad-ux/customize.toml","1f1d7754ea7bba38d1dc3702f60eac50ceba4f515f61e296dab2f0d14281aa84"
"toml","customize","bmm","bmm/2-plan-workflows/bmad-validate-prd/customize.toml","bfb3c8af5b81b2cdb9bb84f844f1b0dafc40d8c283effa6ad48db966b9446cef"
"toml","customize","bmm","bmm/3-solutioning/bmad-agent-architect/customize.toml","32e8074896a569ce59e4db62ab3b4af396798b8fa50c67449a5d90c2a7a7e074"
"toml","customize","bmm","bmm/3-solutioning/bmad-check-implementation-readiness/customize.toml","571d81087b7a6d914cf7c2f21aa26354eac385bb2f5cfeabc591892cbb98d036"
"toml","customize","bmm","bmm/3-solutioning/bmad-create-architecture/customize.toml","618be49b0286f18dfb4b6bac3d96bf1cf062994fa5278cd327be9898e651b43c"
"toml","customize","bmm","bmm/3-solutioning/bmad-create-epics-and-stories/customize.toml","da9e43605bc6aec83173050b5d37ede6aebfa9a17c5959a5029681d73e744ba3"
"toml","customize","bmm","bmm/3-solutioning/bmad-generate-project-context/customize.toml","00b6e893b93a1be7c04408f1824dad72c2c43ee02ba29210725e34394bf8225e"
"toml","customize","bmm","bmm/4-implementation/bmad-agent-dev/customize.toml","b56c0af68e2234dc57d9ebe765049ebd9df9e24909d0d9b2b4b12ddefe5291a7"
"toml","customize","bmm","bmm/4-implementation/bmad-checkpoint-preview/customize.toml","1a1e0c3a8914adda3cec925eed51287e067c7f84120de64a8df53348e7b77de5"
"toml","customize","bmm","bmm/4-implementation/bmad-code-review/customize.toml","94ad662fdf3fda372c6e24b2cbda629d0b2aa851097d02afb5905c768b1a1cde"
"toml","customize","bmm","bmm/4-implementation/bmad-correct-course/customize.toml","78095d25afb5b2d4844956f61e9ac640a62d0245174fab9406e9c289f33fd84b"
"toml","customize","bmm","bmm/4-implementation/bmad-create-story/customize.toml","1204f6de064436922f2813069778eb4eaa5f1f945aa8ea5a5ffb87897a2ba8fe"
"toml","customize","bmm","bmm/4-implementation/bmad-dev-story/customize.toml","592fa7948c4614609a59b152518f518d35e0178d6aa7c22e169d78157fd9f5aa"
"toml","customize","bmm","bmm/4-implementation/bmad-investigate/customize.toml","7ec009a4a0a9b476de98de99938f58e319dc6f410b9176910c9ed725e80519e1"
"toml","customize","bmm","bmm/4-implementation/bmad-qa-generate-e2e-tests/customize.toml","04a99926b2d79318b927434c7344dc666f143026ed99c7fcc0d6e3d68263ae66"
"toml","customize","bmm","bmm/4-implementation/bmad-quick-dev/customize.toml","5ba463713de51762eb381be787cbd657932333b808be370d851fc3e40f139e2f"
"toml","customize","bmm","bmm/4-implementation/bmad-retrospective/customize.toml","0b032c342129732820ca2db386d2d5e26d033d8ac296388fc9f2e78765fab9fb"
"toml","customize","bmm","bmm/4-implementation/bmad-sprint-planning/customize.toml","f7bde2f792e8604f26122ee792c5493e270710296044b07680db7d90e886caf3"
"toml","customize","bmm","bmm/4-implementation/bmad-sprint-status/customize.toml","96261fd227befaa4685b0a5091d3e85299d4ae8e4404176b42f5ef2e2fb501bd"
"yaml","config","bmm","bmm/config.yaml","871f83ca69a6fc33dcb5fa0c3b77daefff4b167cc67f4821ce7b2c3e9b978763"
"yaml","sprint-status-template","bmm","bmm/4-implementation/bmad-sprint-planning/sprint-status-template.yaml","deeec135d875b107618dd41278349689b5f3dcb5894d7509909417a570f46fd9"
"csv","design-methods","cis","cis/skills/bmad-cis-design-thinking/design-methods.csv","6735e9777620398e35b7b8ccb21e9263d9164241c3b9973eb76f5112fb3a8fc9"
"csv","innovation-frameworks","cis","cis/skills/bmad-cis-innovation-strategy/innovation-frameworks.csv","9a14473b1d667467172d8d161e91829c174e476a030a983f12ec6af249c4e42f"
"csv","module-help","cis","cis/module-help.csv","0c02169aee8d548ee7b190c16551dc681df217c55b8fffff5fc8ada017f2270f"
"csv","solving-methods","cis","cis/skills/bmad-cis-problem-solving/solving-methods.csv","aa15c3a862523f20c199600d8d4d0a23fce1001010d7efc29a71abe537d42995"
"csv","story-types","cis","cis/skills/bmad-cis-storytelling/story-types.csv","ec5a3c713617bf7e2cf7db439303dd8f3363daa2f6db20a350c82260ade88bdb"
"md","SKILL","cis","cis/skills/bmad-cis-agent-brainstorming-coach/SKILL.md","c8bb64e96fcb7b8e8c8cc79837bcc257ed819c88cbdc42628562202d949fd28e"
"md","SKILL","cis","cis/skills/bmad-cis-agent-creative-problem-solver/SKILL.md","8cfc1f48d9d48117d2f5d89bb01d2cdd62445ee054476302cf825b945d0c8232"
"md","SKILL","cis","cis/skills/bmad-cis-agent-design-thinking-coach/SKILL.md","5dd8116434a51cb46bfbc9de5ec50c7ef8c2444d2efe140153eedb68757b9f43"
"md","SKILL","cis","cis/skills/bmad-cis-agent-innovation-strategist/SKILL.md","f1651de76dc5ab508660a8bf551479e5729c59a23cbf0e8cd601d80a8e67fbfc"
"md","SKILL","cis","cis/skills/bmad-cis-agent-presentation-master/SKILL.md","d5254702eb909bae1f77a2f0a7834a80b8b10c1c04fe22250d586da3c1a43fb4"
"md","SKILL","cis","cis/skills/bmad-cis-agent-storyteller/SKILL.md","9d9e68a34b1df789ab55b49bc40ae1745a128566ffc10abf821d98a82c1f089a"
"md","SKILL","cis","cis/skills/bmad-cis-design-thinking/SKILL.md","fc391e6eb99e6dedc36beeb454607b001c42915fc806cd8ed91508e9ee9c42c7"
"md","SKILL","cis","cis/skills/bmad-cis-innovation-strategy/SKILL.md","0e8447d328078112a39476c486b85f8c11d9b49e0b98f17881cfbb8f98706c0c"
"md","SKILL","cis","cis/skills/bmad-cis-problem-solving/SKILL.md","f734e44403df5eb123d3f1ad9247266634e92eec017d743cb1687300d897d8f1"
"md","SKILL","cis","cis/skills/bmad-cis-storytelling/SKILL.md","eca4ad520ccee2545ad275760b484fd763f2833893d4d37f364bd21d6e40c834"
"md","template","cis","cis/skills/bmad-cis-design-thinking/template.md","7834c387ac0412c841b49a9fcdd8043f5ce053e5cb26993548cf4d31b561f6f0"
"md","template","cis","cis/skills/bmad-cis-innovation-strategy/template.md","e59bd789df87130bde034586d3e68bf1847c074f63d839945e0c29b1d0c85c82"
"md","template","cis","cis/skills/bmad-cis-problem-solving/template.md","6c9efd7ac7b10010bd9911db16c2fbdca01fb0c306d871fa6381eef700b45608"
"md","template","cis","cis/skills/bmad-cis-storytelling/template.md","461981aa772ef2df238070cbec90fc40995df2a71a8c22225b90c91afed57452"
"toml","customize","cis","cis/skills/bmad-cis-agent-brainstorming-coach/customize.toml","e841aa106072cfb19a7692f4b6ed8565bd0a58cfffa3b3985759a056651361c5"
"toml","customize","cis","cis/skills/bmad-cis-agent-creative-problem-solver/customize.toml","43b3d348a4e6601e7a02ca8fcd5534975609637bacea9cbc195b997cbfa88c70"
"toml","customize","cis","cis/skills/bmad-cis-agent-design-thinking-coach/customize.toml","948f04fee1765b7a6921f73b514be529465f6fc11bc14975e289da176ec3bab6"
"toml","customize","cis","cis/skills/bmad-cis-agent-innovation-strategist/customize.toml","7a7614cf42ed09d0695977cc7cdf672595a25b744acea6ebda06f3b552ec2acc"
"toml","customize","cis","cis/skills/bmad-cis-agent-presentation-master/customize.toml","aa7144a2a769883a9f1f6a01d5f7f1700a0be7c5219aa1f8c89aca087e079a52"
"toml","customize","cis","cis/skills/bmad-cis-agent-storyteller/customize.toml","ef628ea9c6bdd80fdd2ad3a21fe010d7fe6e45bd1905f1bec81e3b114bf239c1"
"toml","customize","cis","cis/skills/bmad-cis-design-thinking/customize.toml","15991e2d5ec5ca1bdec8c443cd2943d596515d16f768e358231ecdf264515ab8"
"toml","customize","cis","cis/skills/bmad-cis-innovation-strategy/customize.toml","0efce9f87dc9930aad015d8301c1a63c3066df0f640599d43dec8c6cd21fc38f"
"toml","customize","cis","cis/skills/bmad-cis-problem-solving/customize.toml","6a7fec618cef5bb507d209db78a9043f036caeaa91f479ee2a54f92062898067"
"toml","customize","cis","cis/skills/bmad-cis-storytelling/customize.toml","9ec1b11a809b960d1cc776d6b364cebd3533c6797c008f425672a8928fe52d96"
"yaml","config","cis","cis/config.yaml","b8f62b5dd668f9c9f0f6033e5d8f4d3d201aa71398d2ff34aa07d30b0bdd597b"
"toml","config","config.toml","config.toml","9d22b91a1e38cdfc7653f797193f7fd7e2e4068843425dda64b6432654ba7c0c"
"toml","config.user","config.user.toml","config.user.toml","8d65219d649342ac551231079d657b1edcb104e6445e3ce1970c2f076d13ea77"
"csv","brain-methods","core","core/bmad-brainstorming/brain-methods.csv","0ab5878b1dbc9e3fa98cb72abfc3920a586b9e2b42609211bb0516eefd542039"
"csv","methods","core","core/bmad-advanced-elicitation/methods.csv","168ffcedd12bf987b087773b12c783126bb7ba64018b54752b89ee67c16dfa84"
"csv","module-help","core","core/module-help.csv","ad3511e78826fc17447262fb585af19848e3002291715736308f9fff5b993bd5"
"md","headless-schemas","core","core/bmad-spec/assets/headless-schemas.md","85c94b15dc1f836967f0628ec36e65547b392074b5cf2ecf92b252765fbd1da6"
"md","SKILL","core","core/bmad-advanced-elicitation/SKILL.md","705cc827cab892855d07dcc926f5c9f749c3abab33e915d6ac1574aec174896b"
"md","SKILL","core","core/bmad-brainstorming/SKILL.md","f4a2c22b40ed34cdbd3282dd6161a3b869902f3bc75b58e181fc9faf78eedd9d"
"md","SKILL","core","core/bmad-customize/SKILL.md","6461073f9322f5f2ec64477d6ae5e79c601e36e3160e492fef4bc2d928d4a9a8"
"md","SKILL","core","core/bmad-editorial-review-prose/SKILL.md","b3687fe80567378627bc2a0c5034ae8d65dfeedcf2b6c90da077f4feca462d0c"
"md","SKILL","core","core/bmad-editorial-review-structure/SKILL.md","164444359d74f695a84faf7ea558d0eef39c75561e6b26669f97a165c6f75538"
"md","SKILL","core","core/bmad-help/SKILL.md","a766c6bd76bcfc4a49a683417440d39978a2e10bb5618dfd469fff03f96b4b4d"
"md","SKILL","core","core/bmad-index-docs/SKILL.md","a855d7060414e73ca4fe8e1a3e1cc4d0f2ce394846e52340bdf5a1317e0d234a"
"md","SKILL","core","core/bmad-party-mode/SKILL.md","bd13fd6cb0b0c61d215e4c394cf4b7cac3a465394c3918f4dc14910513ddb898"
"md","SKILL","core","core/bmad-review-adversarial-general/SKILL.md","7bffc39e6dba4d9123648c5d4d79e17c3c5b1efbd927c3fe0026c2dbb8d99cff"
"md","SKILL","core","core/bmad-review-edge-case-hunter/SKILL.md","f49ed9976f46b4cefa1fc8b4f0a495f16089905e6a7bbf4ce73b8f05c9ae3ee6"
"md","SKILL","core","core/bmad-shard-doc/SKILL.md","3a1538536514725fd4f31aded280ee56b9645fc61d114fd94aacb3ac52304e52"
"md","SKILL","core","core/bmad-spec/SKILL.md","13ecac915925d6786150ae312019220a6efcb8e94b9a883f095dce7e54f263ee"
"md","spec-template","core","core/bmad-spec/assets/spec-template.md","0385e0b3ad589b8af366cdce928a1e430d9afb8c5242c2ae8d887e0bade7f412"
"md","step-01-session-setup","core","core/bmad-brainstorming/steps/step-01-session-setup.md","7fd2aed9527ccdf35fc86bd4c9b27b4a530b5cfdfb90ae2b7385d3185bcd60bc"
"md","step-01b-continue","core","core/bmad-brainstorming/steps/step-01b-continue.md","49f8d78290291f974432bc8e8fce340de58ed62aa946e9e3182858bf63829920"
"md","step-02a-user-selected","core","core/bmad-brainstorming/steps/step-02a-user-selected.md","7ff3bca27286d17902ecea890494599796633e24a25ea6b31bbd6c3d2e54eba2"
"md","step-02b-ai-recommended","core","core/bmad-brainstorming/steps/step-02b-ai-recommended.md","cb77b810e0c98e080b4378999f0e250bacba4fb74c1bcb0a144cffe9989d2cbd"
"md","step-02c-random-selection","core","core/bmad-brainstorming/steps/step-02c-random-selection.md","91c6e16213911a231a41b1a55be7c939e7bbcd1463bd49cb03b5b669a90c0868"
"md","step-02d-progressive-flow","core","core/bmad-brainstorming/steps/step-02d-progressive-flow.md","6b6fbbd34bcf334d79f09e8c36ed3c9d55ddd3ebb8f8f77aa892643d1a4e3436"
"md","step-03-technique-execution","core","core/bmad-brainstorming/steps/step-03-technique-execution.md","3600f54c8d3d529f80627cf00f50168f4312ae44981909fc26bd7f5d425fab81"
"md","step-04-idea-organization","core","core/bmad-brainstorming/steps/step-04-idea-organization.md","acb7eb6a54161213bb916cabf7d0d5084316704e792a880968fc340855cdcbbb"
"md","template","core","core/bmad-brainstorming/template.md","5c99d76963eb5fc21db96c5a68f39711dca7c6ed30e4f7d22aedee9e8bb964f9"
"md","workflow","core","core/bmad-brainstorming/workflow.md","971d306262c303c3d63e2d2183c2963abc71acb72fa0964160be95a809a4a0d9"
"py","list_customizable_skills","core","core/bmad-customize/scripts/list_customizable_skills.py","8787f542930b927789e7fdf12bc5a67ff08e19865903a5ad05ff2cc8fc426b66"
"py","test_list_customizable_skills","core","core/bmad-customize/scripts/tests/test_list_customizable_skills.py","b55fc2e454f245753874f359c18ade9f3ad04debd66176c6e6bf3e403ca9c812"
"toml","customize","core","core/bmad-spec/customize.toml","b0181ba5d4038feb779a7a082a265df753220f868b66b5adb0fb2ed18401c763"
"yaml","config","core","core/config.yaml","b770965459048f03c9e8846abd9bafd598ba198995a3dbc8abea3fc6562a78e9"
"file",".gitignore","custom","custom/.gitignore","973b03a33f142c22cf9b65be285bebadd85790b6b55be04637d2f8c716f58fab"
"py","resolve_config","scripts","scripts/resolve_config.py","8e326149d9170477ecc21aa2aa2389d8fbaa5d1cd95db2de2ad33029ce8ae528"
"py","resolve_customization","scripts","scripts/resolve_customization.py","a56abc64ffc8924f8ded95562c7ef3f6d7f1b18f0724289fd3b95fda3567dab4"
"py","test_resolve_customization","scripts","scripts/tests/test_resolve_customization.py","3c93a68544b28e10c08fe4f8c24f296926e69bf142ace13d1c30867e3283c4cb"
